Englandid,topic,question_en,question_zh,options_en,options_zh,answer_index
1,Set A,Which of the following is NOT one of the fundamental principles of British life listed in the handbook?,以下哪一項不是手冊列出的英國生活基本原則？,Democracy | The rule of law | One-party rule | Individual liberty,民主 | 法治 | 一黨專政 | 個人自由,2
2,Set A,What do new citizens pledge to uphold during the citizenship ceremony?,新公民在入籍儀式上承諾維護的是什麼？,Religious law | The values and laws of the UK | The values of their country of birth | The policies of the current government,宗教法律 | 英國的價值與法律 | 出生國的價值 | 當前政府政策,1
3,Set A,Which of these is a responsibility expected of all UK residents?,以下哪項是所有英國居民應承擔的責任？,Disobey laws you disagree with | Respect the rights of others | Join a political party | Serve in the armed forces,不認同的法律可不遵守 | 尊重他人權利 | 必須加入政黨 | 必須服兵役,1
4,Set A,Which freedom is offered in the UK?,英國保障哪項自由？,Freedom from taxation | Freedom of belief and religion | Freedom to ignore jury summons | Freedom to carry firearms without licence,免稅自由 | 信仰與宗教自由 | 可忽視陪審團傳票 | 無需許可攜帶槍械的自由,1
5,Set A,The Life in the UK test normally contains how many questions?,《英國生活》考試通常有多少題？,12 | 18 | 24 | 36,12 | 18 | 24 | 36,2
6,Set A,"Which languages can the Life in the UK test be taken in by special arrangement, besides English?",除英語外，《英國生活》考試可在特別安排下使用哪些語言？,Welsh or Scottish Gaelic | Irish or Cornish | French or German | Punjabi or Urdu,威爾士語或蘇格蘭蓋爾語 | 愛爾蘭語或康沃爾語 | 法語或德語 | 旁遮普語或烏爾都語,0
7,Set A,Which website is used to book the Life in the UK test?,預訂《英國生活》考試應使用哪個網站？,lifeintheuktest.gov.uk | ukba.homeoffice.gov.uk | parliament.uk | nhs.uk,lifeintheuktest.gov.uk | ukba.homeoffice.gov.uk | parliament.uk | nhs.uk,0
8,Set A,Which of the following correctly describes the UK?,以下哪一項正確描述了英國？,"England, Scotland, Wales and the Republic of Ireland | England, Scotland, Wales and Northern Ireland | Great Britain and the Channel Islands only | Britain and the British Isles are the same as the UK",英格蘭、蘇格蘭、威爾士和愛爾蘭共和國 | 英格蘭、蘇格蘭、威爾士和北愛爾蘭 | 只包括大不列顛與海峽群島 | 不列顛與不列顛群島等於英國,1
9,Set A,What are the Channel Islands and the Isle of Man collectively called?,海峽群島和曼島合稱為什麼？,Overseas territories | Crown dependencies | UK counties | British Isles,海外領地 | 王室屬地（皇冠附屬地） | 英國郡 | 不列顛群島,1
10,Set A,Which parts of the UK have devolved parliaments or assemblies?,英國哪些部分擁有權力下放的議會或議會機構？,"England only | Scotland, Wales and Northern Ireland | Scotland only | Wales and England",僅英格蘭 | 蘇格蘭、威爾士和北愛爾蘭 | 僅蘇格蘭 | 威爾士與英格蘭,1
11,Set A,Which document first limited the English king’s power and asserted the rule of law?,哪份文件首次限制英格蘭國王的權力並確立法治？,Bill of Rights (1689) | Magna Carta (1215) | Act of Union (1707) | Petition of Right (1628),《權利法案》（1689） | 《大憲章》（1215） | 《聯合法案》（1707） | 《權利請願書》（1628）,1
12,Set A,The Battle of Bannockburn (1314) secured independence for which nation from English conquest?,班諾克本戰役（1314）使哪個民族免於英格蘭征服而保持獨立？,Wales | Ireland | Scotland | Cornwall,威爾士 | 愛爾蘭 | 蘇格蘭 | 康沃爾,2
13,Set A,Which war between England and France lasted 116 years?,英法之間哪場戰爭持續了116年？,The Hundred Years War | The Thirty Years War | The Seven Years War | The War of the Roses,百年戰爭 | 三十年戰爭 | 七年戰爭 | 玫瑰戰爭,0
14,Set A,What catastrophic disease killed about one third of England’s population in the 14th century?,14世紀導致英格蘭約三分之一人口死亡的災難性疾病是？,Smallpox | Black Death (plague) | Cholera | Typhus,天花 | 黑死病（瘟疫） | 霍亂 | 斑疹傷寒,1
15,Set A,Which event united the Houses of Lancaster and York?,哪一事件促成蘭開斯特與約克兩家合一？,Act of Union 1707 | Marriage of Henry VII and Elizabeth of York | Magna Carta | Glorious Revolution,1707年《聯合法案》 | 亨利七世與約克的伊麗莎白之婚 | 《大憲章》 | 光榮革命,1
16,Set A,Which 1689 law confirmed Parliament’s rights and limited the monarch’s powers?,哪一部1689年的法律確認了議會的權利並限制君主權力？,Bill of Rights | Habeas Corpus Act | Reform Act | Parliament Act,《權利法案》 | 《人身保護法》 | 《改革法案》 | 《議會法》,0
17,Set A,Who is associated with steam power improvements that helped drive the Industrial Revolution?,誰與改良蒸汽動力有關，推動了工業革命？,James Watt | Isaac Newton | Michael Faraday | Robert Boyle,詹姆斯·瓦特 | 艾薩克·牛頓 | 邁克爾·法拉第 | 羅伯特·波以耳,0
18,Set A,Where can Admiral Nelson’s flagship HMS Victory be visited?,尼爾遜上將的旗艦“勝利號”可在哪裡參觀？,Plymouth | Portsmouth | Bristol | Liverpool,普利茅斯 | 樸茨茅斯 | 布里斯托 | 利物浦,1
19,Set A,What did the 1807 Act concerning slavery do in the British Empire?,1807年與奴隸制度相關的法案在大英帝國中產生了什麼影響？,Abolished slavery in all territories | Abolished the slave trade in British ships and ports | Gave slaves the vote | Created new colonies,廢除所有領土的奴隸制 | 禁止英國船隻與港口的奴隸貿易 | 給予奴隸投票權 | 建立新殖民地,1
20,Set A,Which Prime Minister led Britain during most of WWII and was known for inspirational speeches?,哪位首相在二戰大部分時間領導英國，並以鼓舞人心的演說聞名？,Neville Chamberlain | Winston Churchill | Clement Attlee | Harold Macmillan,張伯倫 | 溫斯頓·丘吉爾 | 克萊門特·艾德禮 | 哈羅德·麥克米倫,1
21,Set A,Which creation in 1948 guaranteed healthcare free at the point of use?,1948年成立、保證就醫時免費的是什麼機構？,BBC | NHS | NATO | WTO,英國廣播公司 | 國民保健服務（NHS） | 北約 | 世界貿易組織,1
22,Set A,What is ‘D‑Day’ commonly used to describe?,“諾曼第登陸日（D-Day）”通常用來描述什麼事件？,Germany’s invasion of Poland | Allied landings in Normandy in 1944 | The Blitz on London | The end of WWI,德軍入侵波蘭 | 1944年盟軍在諾曼第登陸 | 德軍對倫敦的閃電戰 | 一戰結束,1
23,Set A,What does ‘Great Britain’ refer to?,“大不列顛”指的是什麼？,"England, Wales, Scotland | The whole UK | The British Isles | England and Wales only",英格蘭、威爾士與蘇格蘭 | 整個英國 | 不列顛群島 | 僅英格蘭與威爾士,0
24,Set A,Which right is part of living in the UK?,在英國生活擁有哪些權利之一？,Right to a fair trial | Right to ignore taxes | Right to vote at 14 | Right to compulsory jury service for visitors,公平審判的權利 | 忽視納稅的權利 | 14歲投票權 | 旅客必須擔任陪審員的權利,0
25,Set B,Who wrote The Canterbury Tales?,誰寫了《坎特伯里故事集》？,William Shakespeare | Geoffrey Chaucer | John Milton | Daniel Defoe,威廉·莎士比亞 | 喬叟 | 約翰·彌爾頓 | 丹尼爾·笛福,1
26,Set B,What was a major result of the Black Death on society?,黑死病對社會的一項主要影響是什麼？,Stronger monarchy | Labour shortages and rising wages | End of Parliament | Expansion of the Roman Empire,君權更強 | 勞動力短缺與工資上升 | 議會終結 | 羅馬帝國擴張,1
27,Set B,What is the Union Flag commonly called?,英國國旗通常被稱為什麼？,St George’s Cross | Union Jack | Saltire | Tricolour,聖喬治十字 | 米字旗 | 斜十字旗 | 三色旗,1
28,Set B,Which act in 1707 created the Kingdom of Great Britain?,1707年的哪一法案創建了“大不列顛王國”？,Bill of Rights | Act of Union | Reform Act | Parliament Act,《權利法案》 | 《聯合法案》 | 《改革法案》 | 《議會法》,1
29,Set B,What industry development did the Bessemer process enable?,貝塞麥轉爐法促進了哪個產業的發展？,Textile looms | Mass production of steel and shipbuilding/railways | Printing | Agriculture,紡織機 | 鋼鐵大量生產與造船/鐵路 | 印刷 | 農業,1
30,Set B,Who pioneered modern nursing after work in the Crimean War?,在克里米亞戰爭後開創現代護理的是誰？,Mary Peters | Florence Nightingale | Emmeline Pankhurst | Mary Seacole,瑪麗·彼得斯 | 弗羅倫斯·南丁格爾 | 愛米琳·潘克赫斯特 | 瑪麗·西科爾,1
31,Set B,Which Prime Minister’s government created the NHS in 1948?,哪位首相領導的政府於1948年建立了NHS？,Clement Attlee | Winston Churchill | Harold Macmillan | Margaret Thatcher,克萊門特·艾德禮 | 溫斯頓·丘吉爾 | 哈羅德·麥克米倫 | 瑪格麗特·戴卓爾,0
32,Set B,What was the ‘Blitz’?,“閃電戰”（Blitz）是什麼？,German night-time bombing of UK cities in WWII | Allied landings in Italy | British naval blockade | A WWI trench tactic,二戰期間德軍對英國城市的夜間轟炸 | 盟軍登陸義大利 | 英國的海軍封鎖 | 一戰的壕溝戰術,0
33,Set B,Which invention is Alan Turing associated with conceptually?,艾倫·圖靈概念上與哪項發明相關？,"Jet engine | Turing machine, foundation of modern computing | Hovercraft | MRI scanner",噴射發動機 | 圖靈機，現代計算的基礎 | 氣墊船 | 核磁共振掃描儀,1
34,Set B,What is the Good Friday Agreement mainly associated with?,《耶穌受難日協議》主要與哪一地區有關？,Scottish devolution | Ending large-scale violence in Northern Ireland | Joining the EU | Creating the NHS,蘇格蘭權力下放 | 緩解北愛爾蘭的大規模暴力 | 加入歐盟 | 建立NHS,1
35,Set B,Which statement is true about the UK Parliament?,以下哪項關於英國議會的敘述正確？,It sits in Westminster | It is in Cardiff | It is elected every month | It has only one chamber,位於威斯敏斯特 | 位於加的夫 | 每月選舉一次 | 只有一個院,0
36,Set B,Who developed the first practical jet engine in Britain?,誰在英國研製了第一個實用噴射發動機？,Sir Frank Whittle | Sir Robert Watson‑Watt | Sir Peter Mansfield | James Goodfellow,法蘭克·惠特爾 | 羅伯特·華生‑瓦特 | 彼得·曼斯菲爾德 | 詹姆斯·古德費洛,0
37,Set B,Which conflict featured the Battle of the Somme?,哪場衝突中出現了索姆河戰役？,The Second World War | The First World War | The Crimean War | The Boer War,第二次世界大戰 | 第一次世界大戰 | 克里米亞戰爭 | 布爾戰爭,1
38,Set B,Which two UK pop groups became world famous in the 1960s?,1960年代哪兩支英國樂隊享譽世界？,The Beatles and The Rolling Stones | Oasis and Blur | The Kinks and ABBA | Queen and U2,披頭四與滾石樂隊 | 綠洲與布勒 | 奇想與ABBA | 皇后樂隊與U2,0
39,Set B,Which 1833 Act abolished slavery throughout the British Empire?,哪一部1833年的法案廢除了整個大英帝國的奴隸制度？,The Emancipation Act | The Reform Act | The Education Act | The Parliament Act,《解放法案》 | 《改革法案》 | 《教育法》 | 《議會法》,0
40,Set B,Who was the first to split the atom in work that later linked to the Manhattan Project?,誰率先“劈裂原子”，其研究後來與曼哈頓計畫相關？,Ernest Rutherford and colleagues | Alexander Fleming | John Logie Baird | Tim Berners‑Lee,拉塞福與同事 | 亞歷山大·弗萊明 | 約翰·洛吉·貝爾德 | 提姆·伯納斯‑李,0
41,Set B,Which phrase describes post‑war UK reconstruction labour needs?,哪句話描述了戰後英國重建的人力需求？,There was a surplus of labour | There were labour shortages | All work was automated | Only soldiers were hired,勞動力過剩 | 勞動力短缺 | 工作全自動化 | 只雇用軍人,1
42,Set B,Which speech about decolonisation is associated with Harold Macmillan?,哪篇關於去殖民化的演說與麥克米倫相關？,The Wind of Change speech | The Iron Curtain speech | The Rivers of Blood speech | The Tryst with Destiny speech,《變革之風》演說 | 《鐵幕》演說 | 《血之河》演說 | 《與命運的約會》演說,0
43,Set B,Which 1960s technological progress was jointly developed by Britain and France?,1960年代由英國與法國共同研發的技術進步是？,The internet | Concorde supersonic airliner | MRI | Hovercraft,互聯網 | 超音速客機“協和號” | 核磁共振 | 氣墊船,1
44,Set B,Which of these is true about jury service?,關於陪審服務，以下哪項正確？,All visitors must serve | Eligible citizens may be called to serve | Only MPs can serve | It is illegal in the UK,所有旅客必須擔任 | 符合資格的公民可能被召喚 | 只有國會議員可擔任 | 英國禁止陪審制度,1
45,Set B,Who invented the television system that enabled the first London–Glasgow broadcast in 1932?,誰發展出電視系統，促成1932年倫敦至格拉斯哥的首次電視傳送？,John Logie Baird | Guglielmo Marconi | James Clerk Maxwell | Thomas Edison,約翰·洛吉·貝爾德 | 馬可尼 | 馬克士威 | 愛迪生,0
46,Set B,Who is celebrated as the inventor of the World Wide Web?,誰被譽為萬維網的發明者？,Bill Gates | Steve Jobs | Sir Tim Berners‑Lee | Linus Torvalds,比爾·蓋茲 | 史蒂夫·喬布斯 | 提姆·伯納斯‑李 | 李納斯·托瓦茲,2
47,Set B,What was a social change for women in the 1960s mentioned in the handbook?,手冊中提及的1960年代女性社會變化之一是？,Loss of property rights | Equal pay laws and anti‑discrimination | Ban from universities | Loss of voting rights,喪失財產權 | 同工同酬與反歧視法律 | 禁止上大學 | 失去投票權,1
48,Set B,Which battle is linked to the phrase ‘the Dunkirk spirit’?,哪個事件與“敦刻爾克精神”這一說法相關？,Evacuation of troops from France in 1940 | Battle of Trafalgar | Battle of Waterloo | Battle of the Somme,1940年從法國撤離部隊 | 特拉法加海戰 | 滑鐵盧戰役 | 索姆河戰役,0
49,Set C,Which statement best describes ‘the rule of law’?,以下哪句最能描述“法治”？,"The government is above the law | Everyone, including the government, is subject to the law | Only judges follow the law | Laws apply only to citizens",政府高於法律 | 包括政府在內的所有人都受法律約束 | 只有法官需遵守法律 | 法律只適用於公民,1
50,Set C,Which of these is a way to participate in community life?,下列哪項是參與社區生活的方式？,Ignoring local issues | Volunteering and helping neighbours | Only paying taxes | Moving house often,忽視地方事務 | 做義工、幫助鄰里 | 只需納稅 | 經常搬家,1
51,Set C,Which statement about British Overseas Territories is correct?,以下關於英國海外領地的陳述何者正確？,They are part of the UK | They are linked to the UK but not part of it | They are EU member states | They are Crown dependencies,它們是英國本土的一部分 | 與英國有聯繫但不屬於英國 | 它們是歐盟成員國 | 它們是王室屬地,1
52,Set C,Who led the Scottish forces to victory at Bannockburn?,誰在班諾克本戰役中率領蘇格蘭軍隊取勝？,Robert the Bruce | William Wallace | Oliver Cromwell | Bonnie Prince Charlie,羅伯特·布魯斯 | 威廉·華勒斯 | 奧利佛·克倫威爾 | 邦妮王子查理,0
53,Set C,Which 18th‑century movement emphasised reason and individual belief rights?,18世紀哪一思想運動強調理性與個人信仰權利？,The Reformation | The Enlightenment | Romanticism | Mercantilism,宗教改革 | 啟蒙運動 | 浪漫主義 | 重商主義,1
54,Set C,What did Chartists campaign for in the 19th century?,19世紀的憲章派（Chartists）主張的是什麼？,Abolition of Parliament | Votes for the working classes and wider suffrage | Restoration of absolute monarchy | Union with France,廢除議會 | 工人階級投票權與更廣泛選舉權 | 恢復君主專制 | 與法國合併,1
55,Set C,Which war between Britain and the Boers ended in 1902?,英國與布爾人之間於1902年結束的是哪場戰爭？,Boer War | Crimean War | WWI | Seven Years War,布爾戰爭 | 克里米亞戰爭 | 第一次世界大戰 | 七年戰爭,0
56,Set C,Which is a symbol of the union of Lancaster and York?,哪個符號象徵蘭開斯特與約克的聯合？,The Saltire | The Tudor Rose (red with white inside) | The Dragon | The Shamrock,蘇格蘭聖安德魯十字 | 都鐸玫瑰（紅外白內） | 巨龍 | 三葉草,1
57,Set C,Which new power did Parliament gain under the Bill of Rights regarding the military?,依據《權利法案》，議會關於軍隊獲得了哪項新權力？,Appointing all officers | Annual approval of army and navy funding | Commanding troops in battle | Abolishing the navy,任命所有軍官 | 每年批准陸海軍經費 | 戰場指揮部隊 | 廢除海軍,1
58,Set C,What does ‘Home Rule’ refer to in Irish history?,在愛爾蘭歷史中，“自治”（Home Rule）指的是什麼？,Full independence outside the UK | Self‑governing parliament while remaining in the UK | Direct rule from London | Union with Scotland,完全脫英獨立 | 留在英國內但有自治議會 | 倫敦直接統治 | 與蘇格蘭合併,1
59,Set C,Which city’s glass is famous for its medieval stained windows mentioned in the handbook?,手冊提到哪座城市的中世紀彩繪玻璃著名？,York Minster | Canterbury | Westminster | Durham,約克大教堂 | 坎特伯里 | 威斯敏斯特 | 達勒姆,0
60,Set C,Which two planes were most important for the RAF in the Battle of Britain?,不列顛之戰中皇家空軍的兩種重要戰機是？,Spitfire and Hurricane | Lancaster and Wellington | Harrier and Tornado | Concorde and Comet,噴火式與颶風式 | 蘭開斯特與威靈頓 | 鷂式與龍捲風 | 協和號與彗星號,0
61,Set C,Which 20th‑century medicine was discovered by Alexander Fleming?,20世紀由亞歷山大·弗萊明發現的藥物是？,Insulin | Penicillin | Morphine | Aspirin,胰島素 | 盤尼西林 | 嗎啡 | 阿司匹林,1
62,Set C,Which poet wrote Auld Lang Syne?,誰寫了《友誼地久天長》？,Robert Burns | William Wordsworth | Samuel Johnson | T. S. Eliot,羅伯特·彭斯 | 威廉·華茲華斯 | 塞繆爾·約翰遜 | 艾略特,0
63,Set C,What was the main reason Britain fought at Trafalgar (1805)?,英國在1805年特拉法加之戰的主要原因是？,To end WWI | To defeat combined French and Spanish fleets | To fight the USA | To stop Vikings,結束一戰 | 擊敗法西聯合艦隊 | 對抗美國 | 阻止維京人,1
64,Set C,What did the 1847 Factory Act limit?,1847年工廠法限制了什麼？,Men’s wages | Women and children’s working hours to 10 per day | Trade unions | Coal prices,男性工資 | 女性與兒童每日工時為10小時 | 工會 | 煤價,1
65,Set C,What did the 1944 Education Act (Butler Act) introduce?,1944年《教育法》（巴特勒法案）引入了什麼？,Free secondary education in England and Wales | University fees for all | End of schooling at 12 | Abolition of exams,英格蘭與威爾士的免費中等教育 | 所有人大學收費 | 12歲結束學校教育 | 廢除考試,0
66,Set C,"What is the main purpose of NATO, which the UK joined after WWII?",英國戰後加入的北約（NATO）主要目的為何？,Cultural exchange | Resist perceived threats from the Soviet Union and allies | Build the EU | Abolish armies,文化交流 | 抵禦來自蘇聯及其盟友的威脅 | 建立歐盟 | 廢除軍隊,1
67,Set C,Who is remembered for building the Great Western Railway?,誰因建造“大西部鐵路”而被銘記？,George Stephenson | Isambard Kingdom Brunel | Richard Arkwright | Robert Peel,喬治·史蒂芬森 | 伊桑巴德·金德姆·布魯內爾 | 阿克賴特 | 羅伯特·皮爾,1
68,Set C,Which conflict saw more than a million soldiers from India fight for Britain?,哪場衝突中有超過百萬印度士兵為英國作戰？,Boer War | First World War | Second World War | Crimean War,布爾戰爭 | 第一次世界大戰 | 第二次世界大戰 | 克里米亞戰爭,1
69,Set C,What did William Wilberforce campaign for?,威廉·威伯福斯為何而奮鬥？,Women’s suffrage | Abolition of the slave trade and slavery | Universal conscription | Creation of the BBC,女性選舉權 | 廢除奴隸貿易與奴隸制 | 普遍徵兵 | 成立BBC,1
70,Set C,"Which 20th‑century British invention allows exact, non‑invasive imaging of internal organs?",20世紀哪項英國發明能夠對內臟進行精準、非侵入式成像？,X‑ray | MRI scanner (Sir Peter Mansfield co‑inventor) | Ultrasound | CT scan,X光 | 核磁共振掃描儀（彼得·曼斯菲爾德共同發明） | 超聲波 | 電腦斷層,1
71,Set C,Which statement about the Life in the UK handbook is correct?,關於《英國生活》手冊，下列哪項正確？,Only Chapter 1 is testable | Questions are based on all parts of the handbook | Only dates are tested | Only laws are tested,只有第一章會考 | 題目基於整本手冊 | 只考日期 | 只考法律,1
72,Set C,Which statement about devolved institutions is correct?,關於權力下放機構，下列哪項正確？,"Scotland, Wales and Northern Ireland have parliaments/assemblies with defined powers | Only England has a parliament | Devolution ended in 1901 | The UK Parliament no longer exists",蘇格蘭、威爾士、北愛有各自的議會/大會並擁有特定權力 | 只有英格蘭有議會 | 權力下放於1901年終止 | 英國議會已不存在,0
73,Set D,How many nations make up the United Kingdom?,英國由多少個「構成國」組成？,3 | 4 | 5 | 6,3 | 4 | 5 | 6,1
74,Set D,What is the capital city of Scotland?,蘇格蘭的首都是哪一個城市？,Edinburgh | Cardiff | Belfast | Manchester,愛丁堡 | 加的夫 | 貝爾法斯特 | 曼徹斯特,0
75,Set D,Which patron saint is associated with Wales?,與威爾士相關的主保聖人是誰？,St George | St Andrew | St David | St Patrick,聖喬治 | 聖安德魯 | 聖大衛 | 聖派屈克,2
76,Set D,What are the colours of the Union Flag (Union Jack)?,聯合旗（Union Jack）的顏色為何？,Red white and blue | Green white and orange | Red yellow and black | Blue white and gold,紅白藍 | 綠白橙 | 紅黃黑 | 藍白金,0
77,Set D,Where is the UK Prime Minister’s official residence?,英國首相的官邸在哪裡？,10 Downing Street | Buckingham Palace | Windsor Castle | Holyroodhouse,唐寧街10號 | 白金漢宮 | 溫莎堡 | 荷里路德宮,0
78,Set D,What are the two houses of the UK Parliament?,英國議會由哪兩院組成？,House of Commons and House of Lords | Senate and Assembly | Diet and Council | Congress and Senate,下議院與上議院 | 參議院與議會 | 國會與評議會 | 眾議院與參議院,0
79,Set D,In which year was the Magna Carta signed?,《大憲章》簽署於哪一年？,1066 | 1215 | 1689 | 1707,1066年 | 1215年 | 1689年 | 1707年,1
80,Set D,The Battle of Hastings took place in which year?,黑斯廷斯之戰發生在何年？,1066 | 1314 | 1415 | 1642,1066年 | 1314年 | 1415年 | 1642年,0
81,Set D,Which monarch was on the throne when the Spanish Armada was defeated in 1588?,1588年西班牙無敵艦隊被擊敗時的君主是誰？,Henry VIII | Elizabeth I | George III | Victoria,亨利八世 | 伊麗莎白一世 | 喬治三世 | 維多利亞女王,1
82,Set D,The Acts of Union in 1707 created which state?,1707年的《聯合法案》建立了哪一個國家？,United Kingdom of Great Britain and Ireland | Kingdom of Great Britain | United Kingdom of England and Wales | British Empire,大不列顛及愛爾蘭聯合王國 | 大不列顛王國 | 英格蘭及威爾士聯合王國 | 大英帝國,1
83,Set D,In which year did the Great Fire of London occur?,倫敦大火發生於哪一年？,1558 | 1588 | 1666 | 1707,1558年 | 1588年 | 1666年 | 1707年,2
84,Set D,What did the Bill of Rights (1689) confirm?,《權利法案》（1689）主要確認了什麼？,The power of Parliament over the monarch | The creation of the NHS | Universal suffrage for all adults | The union with Ireland,議會權力高於君主 | 成立國民保健服務 | 所有成年人普選 | 與愛爾蘭聯合,0
85,Set D,Which country first industrialised during the Industrial Revolution?,在工業革命中率先工業化的國家是？,Britain | France | Germany | United States,英國 | 法國 | 德國 | 美國,0
86,Set D,When did the First World War begin and end?,第一次世界大戰的起訖年份為何？,1914–1918 | 1912–1916 | 1939–1945 | 1900–1905,1914–1918年 | 1912–1916年 | 1939–1945年 | 1900–1905年,0
87,Set D,In which year was the National Health Service (NHS) founded?,國民保健服務（NHS）成立於哪一年？,1939 | 1945 | 1948 | 1952,1939年 | 1945年 | 1948年 | 1952年,2
89,Set D,When was the modern Scottish Parliament established?,現代蘇格蘭議會是何年設立的？,1979 | 1997 | 1999 | 2007,1979年 | 1997年 | 1999年 | 2007年,2
90,Set D,Where does the Northern Ireland Assembly sit?,北愛爾蘭議會在哪裡開會？,Cardiff Bay | Stormont | Westminster | Holyrood,卡地夫灣 | 斯托蒙特 | 威斯敏斯特 | 荷里路德,1
91,Set D,What is the UK’s currency?,英國使用哪一種貨幣？,Euro | Pound sterling | Dollar | Crown,歐元 | 英鎊 | 美元 | 克朗,1
92,Set D,How many people usually sit on a jury in England and Wales?,在英格蘭與威爾士，陪審團通常有多少人？,10 | 11 | 12 | 15,10人 | 11人 | 12人 | 15人,2
93,Set D,What is the minimum age to buy alcohol in the UK?,在英國購買酒精飲品的最低年齡是？,16 | 17 | 18 | 21,16歲 | 17歲 | 18歲 | 21歲,2
94,Set D,What does “Big Ben” actually refer to?,「大笨鐘」實際上指的是？,The whole clock tower | The bell inside the clock | The Palace of Westminster | The clock face only,整座鐘樓 | 鐘樓內的大鐘 | 威斯敏斯特宮 | 只有錶面,1
95,Set D,What is the national flower of England?,英格蘭的國花是什麼？,Thistle | Rose | Daffodil | Shamrock,薊花 | 玫瑰 | 黃水仙 | 酢漿草,1
96,Set D,Which statement best describes the UK’s system of government?,下列何者最能描述英國的政體？,A constitutional monarchy with a parliamentary democracy | A presidential republic | A federal presidential system | A single-party state,立憲君主制兼議會民主 | 總統共和制 | 聯邦總統制 | 一黨制國家,0
97,Set D,Who formally appoints the UK Prime Minister?,誰會正式任命英國首相？,The Monarch | The Speaker | The Cabinet Secretary | The Lord Chancellor,君主 | 下議院議長 | 內閣秘書長 | 大法官,0
98,Set E,At least how often must general elections be held in the UK?,英國至少多久要舉行一次大選？,Every three years | Every five years | Every seven years | Every ten years,每三年 | 每五年 | 每七年 | 每十年,1
99,Set E,Who selects members of the Cabinet?,誰挑選內閣成員？,The Prime Minister | The Monarch | The Civil Service | The House of Lords,首相 | 君主 | 文官體系 | 上議院,0
100,Set E,How are Members of Parliament (MPs) elected?,下議院議員（MP）是如何產生的？,By local constituencies in a general election | Appointed by the PM | Elected by the Lords | Chosen by the Monarch,在大選中由各地方選區選出 | 由首相任命 | 由上議院選出 | 由君主挑選,0
101,Set E,What was decided in the UK’s 2016 referendum?,2016年公投中，英國作出了哪項決定？,To remain in the EU | To leave the EU | To adopt the euro | To become a republic,留在歐盟 | 脫離歐盟 | 採用歐元 | 轉為共和制,1
102,Set E,What is a life peer in the House of Lords?,上議院中的「終身貴族」是指？,A member appointed for life without hereditary title | A hereditary noble | A bishop | An elected peer,終身任命但不世襲的成員 | 世襲貴族 | 主教 | 選舉產生的貴族,0
103,Set E,Which matters are devolved to Scotland?,下列哪一項屬於蘇格蘭的移交權限？,Education and health | Defence and foreign affairs | Currency and immigration | Nuclear policy,教育與醫療 | 國防與外交 | 貨幣與移民 | 核政策,0
104,Set E,Where are the Crown Jewels kept?,英國王冠寶器收藏於哪裡？,Tower of London | British Museum | Windsor Castle | Buckingham Palace,倫敦塔 | 大英博物館 | 溫莎堡 | 白金漢宮,0
105,Set E,Where is the Lake District located?,「湖區」位於哪個地區？,England | Scotland | Wales | Northern Ireland,英格蘭 | 蘇格蘭 | 威爾士 | 北愛爾蘭,0
106,Set E,What is the highest mountain in the UK?,英國最高峰是哪一座？,Ben Nevis | Snowdon | Scafell Pike | Slieve Donard,本尼維斯峰 | 斯諾登山 | 斯卡費爾峰 | 斯利夫多納德,0
107,Set E,Which court in England and Wales hears serious criminal cases?,在英格蘭與威爾士，哪個法院審理重大刑事案件？,Crown Court | Magistrates’ Court | County Court | Family Court,皇家刑事法院 | 治安法庭 | 郡法院 | 家事法院,0
108,Set E,What symbol is on the flag of Wales?,威爾士國旗上的是哪個圖案？,A red dragon | A white rose | A golden harp | A black eagle,紅龍 | 白玫瑰 | 金色豎琴 | 黑鷹,0
109,Set E,What is the minimum driving age for a car in the UK (most cases)?,在英國（多數情況），小客車駕照的最低年齡是？,16 | 17 | 18 | 21,16歲 | 17歲 | 18歲 | 21歲,1
110,Set E,On which date is Christmas Day celebrated in the UK?,英國的聖誕節是幾月幾號？,24 December | 25 December | 26 December | 1 January,12月24日 | 12月25日 | 12月26日 | 1月1日,1
111,Set E,What is Boxing Day?,何謂「節禮日」（Boxing Day）？,26 December public holiday | 24 December market day | First Monday of May | 31 December festival,12月26日的公眾假期 | 12月24日的市集日 | 5月第一個星期一 | 12月31日慶典日,0
112,Set E,What is the UK’s central bank?,英國的中央銀行是？,Bank of England | Bank of Scotland | Royal Bank | National Savings,英格蘭銀行 | 蘇格蘭銀行 | 皇家銀行 | 國民儲蓄,0
113,Set E,How is the BBC mainly funded?,BBC 主要的資金來源為何？,TV licence fee | Income tax | Advertising only | Lottery fund,電視牌照費 | 所得稅 | 只靠廣告 | 樂透基金,0
114,Set E,The White Cliffs are a landmark near which town?,著名的白色懸崖位於哪個城鎮附近？,Dover | Brighton | Blackpool | Plymouth,多佛 | 布萊頓 | 黑池 | 普利茅斯,0
115,Set E,Which is a Celtic language of the UK?,以下哪一種屬於英國的凱爾特語言？,Welsh | English | Dutch | Danish,威爾士語 | 英語 | 荷蘭語 | 丹麥語,0
116,Set E,"Which sport, played with a bat and ball and wickets, originated in Britain?",哪項使用球棒、球與三柱門的運動源自英國？,Cricket | Baseball | Hockey | Rugby,板球 | 棒球 | 曲棍球 | 橄欖球,0
117,Set E,Who wrote the play “Hamlet”?,《哈姆雷特》的作者是誰？,William Shakespeare | Charles Dickens | Jane Austen | George Orwell,威廉·莎士比亞 | 狄更斯 | 珍·奧斯汀 | 奧威爾,0
118,Set E,Where is Stonehenge located?,巨石陣位於哪個郡？,Wiltshire | Kent | Yorkshire | Norfolk,威爾特郡 | 肯特郡 | 約克郡 | 諾福克郡,0
119,Set E,What is the national flower of Scotland?,蘇格蘭的國花是什麼？,Thistle | Rose | Shamrock | Daffodil,薊花 | 玫瑰 | 酢漿草 | 黃水仙,0
120,Set E,When is St Patrick’s Day celebrated in the UK (Northern Ireland)?,英國（北愛爾蘭）在哪一天慶祝聖派屈克日？,17 March | 1 March | 23 April | 30 November,3月17日 | 3月1日 | 4月23日 | 11月30日,0
121,Set E,"Which principle means everyone must follow the law, including the government?",哪一項原則指所有人（包括政府）都必須遵守法律？,Rule of law | Direct democracy | Judicial review | Royal prerogative,法治 | 直接民主 | 司法覆核 | 王室特權,0
122,Set F,Which freedom protects your right to practise any religion or none?,哪一項自由保障你可信奉任何宗教或無宗教？,Freedom of belief | Freedom of movement | Freedom from taxation | Freedom to bear arms,信仰自由 | 遷徙自由 | 免稅自由 | 持槍自由,0
123,Set F,Which is a responsibility of UK residents?,以下哪一項是英國居民的責任？,Respect the rights of others | Serve in the army | Join a political party | Donate to charity,尊重他人權利 | 必須服兵役 | 必須加入政黨 | 必須捐款予慈善機構,0
124,Set F,"At a citizenship ceremony, new citizens pledge to:",在入籍儀式上，新公民承諾：,Uphold democratic values and obey the law | Support the current government | Pay no taxes for one year | Serve on a jury immediately,維護民主價值並守法 | 支持當前政府 | 一年內免稅 | 立即擔任陪審員,0
125,Set F,Which right ensures a person is judged impartially in court?,哪一項權利確保人在法庭上獲得公正審判？,Right to a fair trial | Right to strike | Right to privacy | Right to petition the monarch,公平審訊權 | 罷工權 | 私隱權 | 向君主請願權,0
126,Set F,Which of the following is NOT a fundamental principle listed in the handbook?,以下哪一項不是手冊列出的基本原則？,Mandatory military service | Democracy | Tolerance of different beliefs | Individual liberty,強制兵役 | 民主 | 包容不同信仰 | 個人自由,0
127,Set F,Which statement about the Life in the UK test is correct?,以下哪一項關於《英國生活》考試是正確的？,It contains 24 questions based on the whole handbook | It can only be taken in Scottish Gaelic | Everyone must also pass a driving test | It is only about British history,全書出題共24題 | 只可用蘇格蘭蓋爾語應考 | 人人還要通過路試 | 只考英國歷史,0
128,Set F,Which is expected of good citizens?,良好公民應該：,Look after the area you live in | Refuse to serve on a jury | Ignore local elections | Carry a weapon for self-defence,照顧居住社區 | 拒絕擔任陪審員 | 忽視地方選舉 | 攜帶武器自衛,0
129,Set F,Where do you book your Life in the UK test online?,在網上應到哪個網站預約《英國生活》考試？,lifeintheuktest.gov.uk | parliament.uk | royal.uk | legislation.gov.uk,lifeintheuktest.gov.uk | parliament.uk | royal.uk | legislation.gov.uk,0
130,Set F,"From October 2013, what additional requirement may apply for settlement?",自2013年10月起，申請定居還需要哪一項？,Evidence of B1 level speaking and listening | A university degree from the UK | Owning property in the UK | Serving in the armed forces,提供B1級英語聽說證明 | 擁有英國大學學位 | 在英國置業 | 服兵役,0
131,Set F,Which of the following correctly defines ‘Great Britain’?,以下哪一項正確定義「大不列顛」？,"England, Scotland and Wales | England and Wales only | The whole UK including Northern Ireland | The British Isles",英格蘭、蘇格蘭與威爾士 | 只包括英格蘭與威爾士 | 整個英國（含北愛） | 不列顛群島,0
132,Set F,What are the Channel Islands and the Isle of Man?,海峽群島與馬恩島是什麼？,Crown dependencies | UK counties | British Overseas Territories | Part of the Republic of Ireland,王室屬地 | 英國郡 | 英國海外領土 | 愛爾蘭共和國一部分,0
133,Set F,Which parts of the UK have devolved parliaments/assemblies?,哪些地區有下放權力的議會／議會機構？,"Scotland, Wales and Northern Ireland | England only | Wales and England | Scotland only",蘇格蘭、威爾士與北愛爾蘭 | 僅英格蘭 | 威爾士與英格蘭 | 僅蘇格蘭,0
134,Set F,Which statement is true about the Crown dependencies?,以下哪項關於王室屬地的陳述正確？,They have their own governments and are not part of the UK | They are English counties | They use the Euro by law | They send MPs to Westminster,它們有自己的政府且不屬於英國本土 | 它們是英格蘭郡 | 依法使用歐元 | 會選派下議院議員,0
135,Set F,Which UK country is not part of Great Britain?,哪個英國構成國不屬於大不列顛？,Northern Ireland | England | Scotland | Wales,北愛爾蘭 | 英格蘭 | 蘇格蘭 | 威爾士,0
136,Set F,Who governs the UK overall?,整個英國由誰治理？,The UK Parliament at Westminster | The European Parliament | The United Nations | The Crown dependencies’ councils,威斯敏斯特的英國國會 | 歐洲議會 | 聯合國 | 王室屬地議會,0
137,Set F,Which charter first limited a king’s power in England?,哪一份憲章首先限制英格蘭國王權力？,Magna Carta (1215) | Bill of Rights (1689) | Act of Union (1707) | Petition of Right (1628),《大憲章》（1215） | 《權利法案》（1689） | 《聯合法案》（1707） | 《權利請願書》（1628）,0
138,Set F,Who was defeated at the Battle of Culloden (1746)?,誰在1746年卡洛登戰役中被擊敗？,Bonnie Prince Charlie’s Jacobite forces | Oliver Cromwell’s army | William of Orange | The French at Agincourt,查理王子（雅各賓派） | 克倫威爾軍隊 | 奧蘭治的威廉 | 法軍（阿金庫爾）,0
139,Set F,What was the main effect of the Black Death on society?,黑死病對社會的主要影響是？,Labour shortages and social change | Immediate end to feudalism | Population growth | Expansion of the Empire,勞力短缺與社會轉變 | 封建制即時消失 | 人口快速增長 | 帝國擴張,0
140,Set F,Which houses fought the Wars of the Roses?,玫瑰戰爭是哪些家族之間的戰爭？,Lancaster and York | Tudor and Stuart | Whigs and Tories | Parliament and the King,蘭開斯特與約克 | 都鐸與斯圖亞特 | 輝格與保守 | 議會與國王,0
141,Set F,Which act created the Kingdom of Great Britain in 1707?,哪一項法案在1707年創建了大不列顛王國？,Act of Union | Petition of Right | Bill of Rights | Reform Act,《聯合法案》 | 《權利請願書》 | 《權利法案》 | 《改革法案》,0
142,Set F,Who is often called the first ‘Prime Minister’ (1721–1742)?,誰常被視為首位「首相」（1721–1742）？,Sir Robert Walpole | William Pitt the Younger | Benjamin Disraeli | Duke of Wellington,羅伯特·沃波爾爵士 | 小威廉·皮特 | 迪斯雷利 | 威靈頓公爵,0
143,Set F,Which invention enabled mass production of steel in the 19th century?,哪項發明使得19世紀可大量生產鋼鐵？,Bessemer process | Steam hammer | Flying shuttle | Spinning jenny,貝塞麥轉爐法 | 蒸汽錘 | 飛梭 | 珍妮紡紗機,0
144,Set F,Which port city’s bank installed the first cash-dispensing ATM in 1967?,1967年第一部自動提款機由哪家銀行在何處投入使用？,"Barclays in Enfield, north London | Lloyds in Manchester | HSBC in Birmingham | RBS in Edinburgh",倫敦北部恩菲爾德的巴克萊銀行 | 曼徹斯特的勞埃德銀行 | 伯明翰的匯豐銀行 | 愛丁堡的蘇格蘭皇家銀行,0
145,Set F,Which scientist discovered penicillin in 1928?,哪位科學家在1928年發現青黴素？,Alexander Fleming | Ernest Rutherford | James Watson | John Logie Baird,亞歷山大·弗萊明 | 盧瑟福 | 詹姆斯·華生 | 約翰·貝爾德,0
146,Set G,"Which battle phrase refers to rescuing 300,000 men from France in 1940?",哪個詞語指1940年從法國撤走30萬人的行動精神？,Dunkirk spirit | Blitz spirit | Keep calm and carry on | V for Victory,敦刻爾克精神 | 閃電戰精神 | 保持冷靜繼續前行 | 勝利手勢,0
147,Set G,What did the 1833 Emancipation Act achieve across the British Empire?,1833年的《解放法案》在大英帝國實現了什麼？,Abolished slavery | Gave women the vote | Ended child labour | Created the NHS,廢除奴隸制度 | 給予婦女選舉權 | 終止童工 | 創立國民保健制度,0
148,Set G,Who is associated with the ‘wind of change’ speech on decolonisation?,誰的「變革之風」演說與非殖民化相關？,Harold Macmillan | Clement Attlee | Margaret Thatcher | Tony Blair,麥美倫 | 艾德禮 | 戴卓爾夫人 | 貝理雅,0
149,Set G,Which two British-designed aircraft were key in the Battle of Britain?,不列顛之戰中兩款關鍵的英國戰機是？,Spitfire and Hurricane | Concorde and Harrier | Lancaster and Mosquito | Tornado and Typhoon,噴火式與颶風式 | 協和與鷂式 | 蘭開斯特與蚊式 | 龍捲風與颱風,0
150,Set G,Which 18th‑century movement stressed reason and individual rights?,哪個18世紀運動強調理性與個人權利？,The Enlightenment | The Reformation | Romanticism | Chartism,啟蒙運動 | 宗教改革 | 浪漫主義 | 人民憲章運動,0
151,Set G,Which Scottish poet is known as ‘The Bard’ and wrote ‘Auld Lang Syne’?,哪位蘇格蘭詩人被稱為「國民詩人」，寫下〈友誼地久天長〉？,Robert Burns | Dylan Thomas | William Wordsworth | Seamus Heaney,羅伯特·彭斯 | 狄蘭·托馬斯 | 華茲華斯 | 謝默斯·希尼,0
152,Set G,What was the outcome of the 1805 Battle of Trafalgar?,1805年的特拉法加海戰結果是？,British naval victory led by Admiral Nelson | French victory over Britain | Stalemate with heavy losses | Spanish fleet captured the Channel,納爾遜率領的英國艦隊勝利 | 法軍擊敗英國 | 兩敗俱傷僵局 | 西班牙艦隊控制英吉利海峽,0
153,Set G,Which Prime Minister led the UK from 1979 to 1990?,哪位首相在1979至1990年間領導英國？,Margaret Thatcher | John Major | Harold Wilson | Edward Heath,戴卓爾夫人 | 梅傑 | 威爾遜 | 希思,0
154,Set G,Which agreement in 1998 helped the Northern Ireland peace process?,1998年哪一項協議促進北愛和平進程？,Good Friday Agreement | Sunningdale Agreement | Munich Agreement | Schengen Agreement,貝爾法斯特（受難日）協議 | 桑寧代爾協議 | 慕尼黑協議 | 申根協議,0
155,Set G,Which British scientist is credited with inventing the World Wide Web?,哪位英國科學家被認為發明了全球資訊網（WWW）？,Sir Tim Berners‑Lee | Sir Peter Mansfield | Sir Frank Whittle | James Goodfellow,蒂姆·柏納斯‑李 | 彼得·曼斯菲爾德 | 法蘭克·惠特爾 | 詹姆斯·古德費洛,0
156,Set G,"Which city hosts the ‘Edinburgh Festival Fringe’, the world’s largest arts festival?",哪座城市舉辦全球最大的藝穗藝術節？,Edinburgh | Glasgow | London | Cardiff,愛丁堡 | 格拉斯哥 | 倫敦 | 加的夫,0
157,Set G,Which is a traditional flower associated with Wales?,哪一種是與威爾士相關的傳統花卉？,Daffodil | Rose | Shamrock | Thistle,黃水仙 | 玫瑰 | 酢漿草 | 薊花,0
158,Set G,Which sport is most closely associated with the term ‘Wimbledon’?,「溫布頓」最密切相關的運動是？,Tennis | Cricket | Football | Rugby,網球 | 板球 | 足球 | 欖球,0
159,Set G,Which UK day is associated with fireworks on 5 November?,英國哪個日子與11月5日煙花慶祝相關？,Bonfire Night (Guy Fawkes Night) | St George’s Day | Remembrance Day | May Day,煙火夜（蓋·福克斯之夜） | 聖喬治日 | 悼念日 | 五朔節,0
160,Set G,What is the UK’s established church in England?,英格蘭的國家教會是？,The Church of England | The Church of Scotland | The Catholic Church | The Free Church,英格蘭教會 | 蘇格蘭教會 | 天主教會 | 自由教會,0
161,Set G,When do people traditionally wear a red poppy to remember the fallen?,人們傳統上何時佩戴紅罌粟紀念陣亡者？,Around Remembrance Day in November | On 1 March | On Easter Sunday | On 25 December,11月悼念日前後 | 3月1日 | 復活節主日 | 12月25日,0
162,Set G,Which UK nation has St Andrew as its patron saint?,哪個英國地區的主保聖人是聖安德烈？,Scotland | England | Wales | Northern Ireland,蘇格蘭 | 英格蘭 | 威爾士 | 北愛爾蘭,0
163,Set G,In which month is St David’s Day celebrated?,聖大衛日在每年哪一個月份慶祝？,March | April | June | November,三月 | 四月 | 六月 | 十一月,0
164,Set G,Which UK national flower is correctly matched?,以下哪個英國國花配對正確？,England – Rose | Scotland – Daffodil | Wales – Thistle | Northern Ireland – Daffodil,英格蘭－玫瑰 | 蘇格蘭－黃水仙 | 威爾士－薊花 | 北愛－黃水仙,0
165,Set G,Which UK television licence rule is correct?,以下哪一項關於英國電視牌照的規定正確？,You need a TV licence to watch live TV broadcasts | You only need a licence for sports channels | Only businesses need a licence | No licence is needed anymore,觀看直播電視需要牌照 | 只為體育頻道需牌照 | 只有商業用戶需牌照 | 已不再需要牌照,0
166,Set G,What is the lower house of the UK Parliament called?,英國國會的下議院稱為？,House of Commons | House of Lords | Senate | Assembly,下議院 | 上議院 | 參議院 | 議會,0
167,Set G,How often must a UK general election be held at most (under current law)?,按現行法律，英國大選至多相隔多久必須舉行一次？,Every five years | Every three years | Every seven years | Every two years,每五年 | 每三年 | 每七年 | 每兩年,0
168,Set G,Who is responsible for day‑to‑day running of government departments?,誰負責政府部門的日常運作？,Civil servants | Members of the House of Lords | The Monarch | Local councillors,文職公務員 | 上議院議員 | 君主 | 地方議員,0
169,Set G,What is the main role of the Speaker in the House of Commons?,下議院議長的主要職責是？,Chair debates and keep order | Set government policy | Lead the opposition | Appoint judges,主持辯論並維持秩序 | 制定政府政策 | 領導在野黨 | 任命法官,0
170,Set H,"Which UK emergency number connects you to police, fire or ambulance?",英國撥打哪個緊急電話可聯絡警方、消防或救護？,999 | 112 | 101 | 123,999 | 112 | 101（非緊急） | 123,0
171,Set H,What is the non-emergency number for the police in most of the UK?,在英國大部分地區，警方的非緊急聯絡電話是？,101 | 111 | 999 | 123,101 | 111 | 999 | 123,0
172,Set H,Which website publishes UK legislation?,哪個網站可查閱英國現行法例文本？,legislation.gov.uk | gov.uk/acts | royal.uk/laws | parliament.tv,legislation.gov.uk | gov.uk/acts | royal.uk/laws | parliament.tv,0
173,Set H,Who opens the UK Parliament each year with a speech?,每年由誰發表演說開啟國會會期？,The Monarch | The Prime Minister | The Speaker | The Archbishop of Canterbury,君主 | 首相 | 下議院議長 | 坎特伯雷大主教,0
174,Set H,Which body scrutinises the work of the government in the Commons?,哪個機制在下議院審查政府工作？,Select Committees | The Supreme Court | The Electoral Commission | NATO Council,專責委員會（Select Committees） | 最高法院 | 選舉委員會 | 北約理事會,0
175,Set H,What do we call the head of a local council’s administration?,地方議會行政機關的首長通常稱為？,Chief Executive | Chancellor | High Sheriff | Commissioner,行政總監（Chief Executive） | 財相 | 高級郡長 | 專員,0
176,Set H,Which UK tax is deducted from most employees’ wages?,大多數受僱人士薪金會扣除哪一種稅？,Income Tax | Council Tax | Stamp Duty | Capital Gains Tax,入息稅 | 市政稅 | 印花稅 | 資本增值稅,0
177,Set H,Which UK public service is funded by general taxation and free at point of use?,哪項公共服務由一般稅收資助，使用時免費？,The NHS | Universities | Private GP services | TV licence,國民保健制度（NHS） | 大學 | 私人全科服務 | 電視牌照,0
178,Set H,When do people wear a red poppy to commemorate the fallen?,人們何時佩戴紅罌粟以悼念陣亡者？,Around Remembrance Day in November | On New Year’s Day | On May Day | On St George’s Day,每年11月悼念日前後 | 元旦 | 五朔節 | 聖喬治日,0
179,Set H,Which is a UK bank holiday often at the end of August?,下列哪個是英國於8月底附近的公眾假期？,Summer Bank Holiday | Spring Bank Holiday | Good Friday | Boxing Day,夏季銀行假期 | 春季銀行假期 | 耶穌受難日 | 節禮日,0
180,Set H,Which UK sport uses terms like ‘try’ and ‘conversion’?,哪項英國運動有「達陣（try）」與「加踢（conversion）」等術語？,Rugby | Cricket | Tennis | Snooker,欖球 | 板球 | 網球 | 桌球,0
181,Set H,Which novelist wrote ‘Pride and Prejudice’?,誰寫了《傲慢與偏見》？,Jane Austen | Charlotte Brontë | Emily Brontë | Mary Shelley,珍·奧斯汀 | 夏綠蒂·勃朗特 | 艾蜜莉·勃朗特 | 瑪麗·雪萊,0
182,Set H,Which UK city is famous for the Giant’s Causeway nearby?,哪座城市鄰近著名的巨人之路？,Belfast | Cardiff | Edinburgh | Birmingham,貝爾法斯特 | 加的夫 | 愛丁堡 | 伯明翰,0
183,Set H,What is the capital city of Wales?,威爾士的首都是？,Cardiff | Swansea | Newport | Bangor,加的夫 | 斯旺西 | 紐波特 | 班戈,0
184,Set H,Which UK region celebrates St Patrick’s Day as a public holiday?,哪個英國地區把聖派翠克日作為公眾假期？,Northern Ireland | Scotland | England | Wales,北愛爾蘭 | 蘇格蘭 | 英格蘭 | 威爾士,0
185,Set H,What is the union flag of the UK commonly called?,英國的聯合旗通常稱為？,Union Jack | Stars and Stripes | Maple Leaf | Saltire,米字旗（Union Jack） | 星條旗 | 楓葉旗 | 聖安德烈十字旗,0
186,Set H,Which invention is George Stephenson associated with?,喬治·史提芬遜與哪項發明相關？,Steam railway locomotives | Television | Telephone | Jet engine,蒸汽鐵路機車 | 電視 | 電話 | 噴射發動機,0
187,Set H,Who painted ‘The Hay Wain’?,誰畫了《乾草車》？,John Constable | J. M. W. Turner | Thomas Gainsborough | William Hogarth,康斯特布爾 | 透納 | 庚斯博羅 | 霍加斯,0
188,Set H,Which event is marked by fireworks on 5 November?,每年11月5日通常以煙火慶祝的是？,Bonfire Night (Guy Fawkes Night) | St Andrew’s Day | Easter Monday | Burns Night,煙火夜（蓋·福克斯之夜） | 聖安德烈日 | 復活節星期一 | 彭斯之夜,0
189,Set H,Which court is the final court of appeal in the UK for civil cases?,英國民事案件的最終上訴法院是？,The Supreme Court | The High Court | The Crown Court | Magistrates’ Court,最高法院 | 高等法院 | 刑事法院（Crown Court） | 裁判法院,0
190,Set H,What is the minimum age to serve on a jury in the UK?,在英國擔任陪審員的最低年齡是？,18 | 16 | 21 | 25,18歲 | 16歲 | 21歲 | 25歲,0
191,Set H,Which two houses make up the UK Parliament?,英國國會由哪兩院組成？,House of Commons and House of Lords | Senate and Assembly | Dáil and Seanad | States General,下議院與上議院 | 參議院與眾議院 | 愛爾蘭眾議院與參議院 | 荷蘭國會兩院,0
192,Set H,Which 1215 document limited the king and inspired later rights?,1215年的哪份文件限制了國王權力並啟發後世權利？,Magna Carta | Bill of Rights | Act of Union | Petition of Right,大憲章（Magna Carta） | 權利法案 | 聯合法案 | 權利請願書,0
193,Set H,Which is the national flower of Scotland?,以下哪個是蘇格蘭的國花？,Thistle | Rose | Shamrock | Daffodil,薊花 | 玫瑰 | 酢漿草 | 黃水仙,0
194,Set I,Where is the UK Parliament located?,英國國會位於哪裡？,"Westminster, London | Holyrood, Edinburgh | Stormont, Belfast | Cardiff Bay",倫敦威斯敏斯特 | 愛丁堡荷里路德 | 北愛爾蘭斯托蒙特 | 加的夫灣,0
195,Set I,What is the established church in Scotland?,蘇格蘭的國家教會是？,The Church of Scotland (Presbyterian) | The Church of England | The Catholic Church | The Free Church,蘇格蘭教會（長老會） | 英格蘭教會 | 天主教會 | 自由教會,0
196,Set I,Which legal system uses ‘solicitors’ and ‘barristers’ in England and Wales?,英格蘭及威爾士的法律職業分工包括哪兩類？,Solicitors and barristers | Notaries and procurators | Advocates and sheriffs | Judges and clerks,事務律師與出庭大律師 | 公證人與檢察官 | 辯護律師與郡長 | 法官與書記官,0
197,Set I,Who can vote in UK Parliamentary elections (general rule)?,一般而言，哪些人可在英國大選中投票？,"UK, Irish or qualifying Commonwealth citizens aged 18+ resident and registered | Anyone paying tax in the UK | EU citizens living in the UK | Tourists",年滿18歲且已登記的英國、公民身份為愛爾蘭或合資格英聯邦人士 | 任何在英國納稅的人 | 在英國的歐盟公民 | 旅客,0
198,Set I,How many jurors serve on a jury in England and Wales (standard)?,在英格蘭及威爾士，標準陪審團由多少名陪審員組成？,12 | 7 | 9 | 15,12名 | 7名 | 9名 | 15名,0
199,Set I,What is the national day of Scotland?,蘇格蘭的國慶（主保聖人日）是？,St Andrew’s Day (30 November) | St George’s Day (23 April) | St David’s Day (1 March) | St Patrick’s Day (17 March),聖安德烈日（11月30日） | 聖喬治日（4月23日） | 聖大衛日（3月1日） | 聖派翠克日（3月17日）,0
200,Set I,Which scientist discovered the structure of DNA alongside Watson and Crick?,與華生和克里克共同揭示 DNA 結構的英國科學家是？,Rosalind Franklin (contributed crucial X-ray data) | Isaac Newton | Charles Darwin | Michael Faraday,羅莎琳·富蘭克林（貢獻關鍵X光數據） | 艾薩克·牛頓 | 查爾斯·達爾文 | 法拉第,0
201,Set I,Which Prime Minister led the formation of the NHS (post-war government)?,哪位首相領導的戰後政府建立了 NHS？,Clement Attlee | Winston Churchill (1951–55) | Harold Wilson | John Major,艾德禮 | 邱吉爾（1951–55） | 威爾遜 | 梅傑,0
202,Set I,What is celebrated on Burns Night?,彭斯之夜主要紀念誰？,Scottish poet Robert Burns | Shakespeare | Dylan Thomas | Seamus Heaney,蘇格蘭詩人羅伯特·彭斯 | 莎士比亞 | 狄蘭·托馬斯 | 謝默斯·希尼,0
203,Set I,Which UK coin features the Royal Shield when combined?,哪一組英國硬幣合起來會拼出皇家盾徽圖案？,1p–50p coins (pre-2020 designs) | £1 coins only | £2 coins only | Old £1 notes,1便士至50便士硬幣（2020年前設計） | 只有1鎊硬幣 | 只有2鎊硬幣 | 舊1鎊紙幣,0
204,Set I,What is the role of the Crown Prosecution Service (CPS)?,皇家檢控署（CPS）的職能是？,Prosecute criminal cases investigated by the police | Defend accused persons | Make the law | Collect taxes,起訴警方調查的刑事案件 | 為被告辯護 | 立法 | 徵稅,0
205,Set I,Which UK festival is associated with Notting Hill in London?,哪個著名節慶與倫敦諾丁山有關？,Notting Hill Carnival | Glastonbury Festival | Edinburgh Fringe | Henley Royal Regatta,諾丁山嘉年華 | 格拉斯頓伯里音樂節 | 愛丁堡藝穗節 | 亨利皇家賽艇會,0
206,Set I,Which river flows through London?,哪條河流經倫敦市中心？,The Thames | The Severn | The Clyde | The Tyne,泰晤士河 | 塞文河 | 克萊德河 | 泰恩河,0
207,Set I,Which British territory is at the southern tip of the Iberian Peninsula?,位於伊比利半島南端的英國屬地是？,Gibraltar | Falkland Islands | Bermuda | Cayman Islands,直布羅陀 | 福克蘭群島 | 百慕達 | 開曼群島,0
208,Set I,What do MPs stand for in the House of Commons?,縮寫 MP 代表甚麼？,Members of Parliament | Ministers of Parliament | Municipal Presidents | Magistrate Protectors,國會議員 | 國會部長 | 市政首長 | 裁判官保佐,0
209,Set I,"What is the UK’s highest court in criminal cases for England, Wales and Northern Ireland?",對英格蘭、威爾士及北愛爾蘭的刑事案件，英國的最高法院是？,The Supreme Court | The Crown Court | The Court of Appeal (final) | The Privy Council,最高法院 | 刑事法院（Crown Court） | 上訴法院（非最終） | 樞密院,0
210,Set I,Which treaty created the United Kingdom of Great Britain and Ireland in 1801?,1801年哪項法案/條約使大不列顛與愛爾蘭合併？,Act of Union 1800 (came into force 1801) | Treaty of Versailles | Union with Scotland Act 1706 | Reform Act 1832,1800年《聯合法案》（1801年生效） | 凡爾賽條約 | 1706年蘇格蘭聯合法案 | 1832年改革法案,0
211,Set I,Which UK body sets interest rates independently of government since 1997?,自1997年起，哪個機構獨立決定利率？,Bank of England’s Monetary Policy Committee | HM Treasury | House of Lords | Financial Conduct Authority,英格蘭銀行貨幣政策委員會 | 財政部 | 上議院 | 金融行為監管局,0
212,Set I,Which is the patron saint of England?,英格蘭的主保聖人是？,St George | St Andrew | St David | St Patrick,聖喬治 | 聖安德烈 | 聖大衛 | 聖派翠克,0
213,Set I,Which UK document from 1689 affirmed the rights of Parliament?,1689年的哪份文件確認了國會的權利？,Bill of Rights | Petition of Right | Habeas Corpus Act | Act of Settlement,權利法案 | 權利請願書 | 人身保護法 | 王位繼承法,0
214,Set I,What is the small claims track mainly used for in civil courts?,民事法庭中的小額索償程序主要用於？,Low-value disputes (e.g. consumer claims) | Serious criminal trials | Divorce proceedings | Immigration appeals,低金額糾紛（如消費索償） | 嚴重刑事審判 | 離婚程序 | 移民上訴,0
215,Set I,Which UK city hosts the HMS Victory museum ship?,哪座英國城市收藏博物館艦「勝利號」？,Portsmouth | Plymouth | Liverpool | Bristol,樸次茅斯 | 普利茅斯 | 利物浦 | 布里斯托,0
216,Set I,Which country is NOT part of the UK?,以下哪個國家**不**屬於英國？,Republic of Ireland | Wales | Scotland | England,愛爾蘭共和國 | 威爾士 | 蘇格蘭 | 英格蘭,0
217,Set I,Which city hosts the UK Parliament of Scotland (the Scottish Parliament)?,蘇格蘭議會（蘇格蘭國會）位於哪座城市？,Edinburgh (Holyrood) | Glasgow | Aberdeen | Inverness,愛丁堡（荷里路德） | 格拉斯哥 | 阿伯丁 | 因弗內斯,0
